"sample","plastic","time_of_death","week","status","rep"
"T1","T",48,"1",0,1
"T1","T",48,"1",0,1
"T1","T",48,"1",0,1
"T1","T",48,"1",0,1
"T1","T",48,"1",0,1
"T1","T",48,"1",0,1
"T1","T",48,"1",0,1
"T1","T",48,"1",0,1
"T1","T",48,"1",0,1
"T1","T",48,"1",0,1
"V1","V",48,"1",0,1
"V1","V",48,"1",0,1
"V1","V",48,"1",0,1
"V1","V",48,"1",0,1
"V1","V",48,"1",0,1
"V1","V",48,"1",0,1
"V1","V",48,"1",0,1
"V1","V",48,"1",0,1
"V1","V",48,"1",0,1
"V1","V",48,"1",0,1
"P1","P",48,"1",0,1
"P1","P",48,"1",0,1
"P1","P",48,"1",0,1
"P1","P",48,"1",0,1
"P1","P",48,"1",0,1
"P1","P",48,"1",0,1
"P1","P",48,"1",0,1
"P1","P",48,"1",0,1
"P1","P",48,"1",0,1
"P1","P",48,"1",0,1
"L1","L",48,"1",0,1
"L1","L",48,"1",0,1
"L1","L",48,"1",0,1
"L1","L",48,"1",0,1
"L1","L",48,"1",0,1
"L1","L",48,"1",0,1
"L1","L",48,"1",0,1
"L1","L",48,"1",0,1
"L1","L",48,"1",0,1
"L1","L",48,"1",0,1
"H1","H",48,"1",0,1
"H1","H",48,"1",0,1
"H1","H",48,"1",0,1
"H1","H",48,"1",0,1
"H1","H",48,"1",0,1
"H1","H",48,"1",0,1
"H1","H",48,"1",0,1
"H1","H",48,"1",0,1
"H1","H",48,"1",0,1
"H1","H",48,"1",0,1
"T2","T",48,"1",0,2
"T2","T",48,"1",0,2
"T2","T",48,"1",0,2
"T2","T",48,"1",0,2
"T2","T",48,"1",0,2
"T2","T",48,"1",0,2
"T2","T",48,"1",0,2
"T2","T",48,"1",0,2
"T2","T",48,"1",0,2
"T2","T",48,"1",0,2
"V2","V",48,"1",0,2
"V2","V",48,"1",0,2
"V2","V",48,"1",0,2
"V2","V",48,"1",0,2
"V2","V",48,"1",0,2
"V2","V",48,"1",0,2
"V2","V",48,"1",0,2
"V2","V",48,"1",0,2
"V2","V",48,"1",0,2
"V2","V",48,"1",0,2
"P2","P",48,"1",0,2
"P2","P",48,"1",0,2
"P2","P",48,"1",0,2
"P2","P",48,"1",0,2
"P2","P",48,"1",0,2
"P2","P",48,"1",0,2
"P2","P",48,"1",0,2
"P2","P",48,"1",0,2
"P2","P",48,"1",0,2
"P2","P",48,"1",0,2
"L2","L",48,"1",0,2
"L2","L",48,"1",0,2
"L2","L",48,"1",0,2
"L2","L",48,"1",0,2
"L2","L",48,"1",0,2
"L2","L",48,"1",0,2
"L2","L",48,"1",0,2
"L2","L",48,"1",0,2
"L2","L",48,"1",0,2
"L2","L",48,"1",0,2
"H2","H",24,"1",1,2
"H2","H",48,"1",0,2
"H2","H",48,"1",0,2
"H2","H",48,"1",0,2
"H2","H",48,"1",0,2
"H2","H",48,"1",0,2
"H2","H",48,"1",0,2
"H2","H",48,"1",0,2
"H2","H",48,"1",0,2
"H2","H",48,"1",0,2
"T3","T",48,"1",0,3
"T3","T",48,"1",0,3
"T3","T",48,"1",0,3
"T3","T",48,"1",0,3
"T3","T",48,"1",0,3
"T3","T",48,"1",0,3
"T3","T",48,"1",0,3
"T3","T",48,"1",0,3
"T3","T",48,"1",0,3
"T3","T",48,"1",0,3
"V3","V",48,"1",0,3
"V3","V",48,"1",0,3
"V3","V",48,"1",0,3
"V3","V",48,"1",0,3
"V3","V",48,"1",0,3
"V3","V",48,"1",0,3
"V3","V",48,"1",0,3
"V3","V",48,"1",0,3
"V3","V",48,"1",0,3
"V3","V",48,"1",0,3
"P3","P",48,"1",0,3
"P3","P",48,"1",0,3
"P3","P",48,"1",0,3
"P3","P",48,"1",0,3
"P3","P",48,"1",0,3
"P3","P",48,"1",0,3
"P3","P",48,"1",0,3
"P3","P",48,"1",0,3
"P3","P",48,"1",0,3
"P3","P",48,"1",0,3
"L3","L",48,"1",0,3
"L3","L",48,"1",0,3
"L3","L",48,"1",0,3
"L3","L",48,"1",0,3
"L3","L",48,"1",0,3
"L3","L",48,"1",0,3
"L3","L",48,"1",0,3
"L3","L",48,"1",0,3
"L3","L",48,"1",0,3
"L3","L",48,"1",0,3
"H3","H",24,"1",1,3
"H3","H",48,"1",0,3
"H3","H",48,"1",0,3
"H3","H",48,"1",0,3
"H3","H",48,"1",0,3
"H3","H",48,"1",0,3
"H3","H",48,"1",0,3
"H3","H",48,"1",0,3
"H3","H",48,"1",0,3
"H3","H",48,"1",0,3
"T4","T",48,"1",0,4
"T4","T",48,"1",0,4
"T4","T",48,"1",0,4
"T4","T",48,"1",0,4
"T4","T",48,"1",0,4
"T4","T",48,"1",0,4
"T4","T",48,"1",0,4
"T4","T",48,"1",0,4
"T4","T",48,"1",0,4
"T4","T",48,"1",0,4
"V4","V",48,"1",0,4
"V4","V",48,"1",0,4
"V4","V",48,"1",0,4
"V4","V",48,"1",0,4
"V4","V",48,"1",0,4
"V4","V",48,"1",0,4
"V4","V",48,"1",0,4
"V4","V",48,"1",0,4
"V4","V",48,"1",0,4
"V4","V",48,"1",0,4
"P4","P",48,"1",0,4
"P4","P",48,"1",0,4
"P4","P",48,"1",0,4
"P4","P",48,"1",0,4
"P4","P",48,"1",0,4
"P4","P",48,"1",0,4
"P4","P",48,"1",0,4
"P4","P",48,"1",0,4
"P4","P",48,"1",0,4
"P4","P",48,"1",0,4
"L4","L",48,"1",0,4
"L4","L",48,"1",0,4
"L4","L",48,"1",0,4
"L4","L",48,"1",0,4
"L4","L",48,"1",0,4
"L4","L",48,"1",0,4
"L4","L",48,"1",0,4
"L4","L",48,"1",0,4
"L4","L",48,"1",0,4
"L4","L",48,"1",0,4
"H4","H",48,"1",0,4
"H4","H",48,"1",0,4
"H4","H",48,"1",0,4
"H4","H",48,"1",0,4
"H4","H",48,"1",0,4
"H4","H",48,"1",0,4
"H4","H",48,"1",0,4
"H4","H",48,"1",0,4
"H4","H",48,"1",0,4
"H4","H",48,"1",0,4
"T5","T",24,"1",1,5
"T5","T",48,"1",0,5
"T5","T",48,"1",0,5
"T5","T",48,"1",0,5
"T5","T",48,"1",0,5
"T5","T",48,"1",0,5
"T5","T",48,"1",0,5
"T5","T",48,"1",0,5
"T5","T",48,"1",0,5
"T5","T",48,"1",0,5
"V5","V",24,"1",1,5
"V5","V",24,"1",1,5
"V5","V",48,"1",0,5
"V5","V",48,"1",0,5
"V5","V",48,"1",0,5
"V5","V",48,"1",0,5
"V5","V",48,"1",0,5
"V5","V",48,"1",0,5
"V5","V",48,"1",0,5
"V5","V",48,"1",0,5
"P5","P",24,"1",1,5
"P5","P",48,"1",0,5
"P5","P",48,"1",0,5
"P5","P",48,"1",0,5
"P5","P",48,"1",0,5
"P5","P",48,"1",0,5
"P5","P",48,"1",0,5
"P5","P",48,"1",0,5
"P5","P",48,"1",0,5
"P5","P",48,"1",0,5
"L5","L",48,"1",1,5
"L5","L",48,"1",0,5
"L5","L",48,"1",0,5
"L5","L",48,"1",0,5
"L5","L",48,"1",0,5
"L5","L",48,"1",0,5
"L5","L",48,"1",0,5
"L5","L",48,"1",0,5
"L5","L",48,"1",0,5
"L5","L",48,"1",0,5
"H5","H",48,"1",0,5
"H5","H",48,"1",0,5
"H5","H",48,"1",0,5
"H5","H",48,"1",0,5
"H5","H",48,"1",0,5
"H5","H",48,"1",0,5
"H5","H",48,"1",0,5
"H5","H",48,"1",0,5
"H5","H",48,"1",0,5
"H5","H",48,"1",0,5
"T6","T",24,"1",1,6
"T6","T",48,"1",1,6
"T6","T",48,"1",0,6
"T6","T",48,"1",0,6
"T6","T",48,"1",0,6
"T6","T",48,"1",0,6
"T6","T",48,"1",0,6
"T6","T",48,"1",0,6
"T6","T",48,"1",0,6
"T6","T",48,"1",0,6
"V6","V",48,"1",0,6
"V6","V",48,"1",0,6
"V6","V",48,"1",0,6
"V6","V",48,"1",0,6
"V6","V",48,"1",0,6
"V6","V",48,"1",0,6
"V6","V",48,"1",0,6
"V6","V",48,"1",0,6
"V6","V",48,"1",0,6
"V6","V",48,"1",0,6
"P6","P",48,"1",0,6
"P6","P",48,"1",0,6
"P6","P",48,"1",0,6
"P6","P",48,"1",0,6
"P6","P",48,"1",0,6
"P6","P",48,"1",0,6
"P6","P",48,"1",0,6
"P6","P",48,"1",0,6
"P6","P",48,"1",0,6
"P6","P",48,"1",0,6
"L6","L",48,"1",1,6
"L6","L",48,"1",0,6
"L6","L",48,"1",0,6
"L6","L",48,"1",0,6
"L6","L",48,"1",0,6
"L6","L",48,"1",0,6
"L6","L",48,"1",0,6
"L6","L",48,"1",0,6
"L6","L",48,"1",0,6
"L6","L",48,"1",0,6
"H6","H",48,"1",0,6
"H6","H",48,"1",0,6
"H6","H",48,"1",0,6
"H6","H",48,"1",0,6
"H6","H",48,"1",0,6
"H6","H",48,"1",0,6
"H6","H",48,"1",0,6
"H6","H",48,"1",0,6
"H6","H",48,"1",0,6
"H6","H",48,"1",0,6
"T7","T",24,"1",1,7
"T7","T",24,"1",1,7
"T7","T",48,"1",0,7
"T7","T",48,"1",0,7
"T7","T",48,"1",0,7
"T7","T",48,"1",0,7
"T7","T",48,"1",0,7
"T7","T",48,"1",0,7
"T7","T",48,"1",0,7
"T7","T",48,"1",0,7
"V7","V",24,"1",1,7
"V7","V",48,"1",0,7
"V7","V",48,"1",0,7
"V7","V",48,"1",0,7
"V7","V",48,"1",0,7
"V7","V",48,"1",0,7
"V7","V",48,"1",0,7
"V7","V",48,"1",0,7
"V7","V",48,"1",0,7
"V7","V",48,"1",0,7
"P7","P",48,"1",1,7
"P7","P",48,"1",0,7
"P7","P",48,"1",0,7
"P7","P",48,"1",0,7
"P7","P",48,"1",0,7
"P7","P",48,"1",0,7
"P7","P",48,"1",0,7
"P7","P",48,"1",0,7
"P7","P",48,"1",0,7
"P7","P",48,"1",0,7
"L7","L",48,"1",0,7
"L7","L",48,"1",0,7
"L7","L",48,"1",0,7
"L7","L",48,"1",0,7
"L7","L",48,"1",0,7
"L7","L",48,"1",0,7
"L7","L",48,"1",0,7
"L7","L",48,"1",0,7
"L7","L",48,"1",0,7
"L7","L",48,"1",0,7
"H7","H",24,"1",1,7
"H7","H",48,"1",0,7
"H7","H",48,"1",0,7
"H7","H",48,"1",0,7
"H7","H",48,"1",0,7
"H7","H",48,"1",0,7
"H7","H",48,"1",0,7
"H7","H",48,"1",0,7
"H7","H",48,"1",0,7
"H7","H",48,"1",0,7
"W1","W",48,"1",1,1
"W1","W",48,"1",0,1
"W1","W",48,"1",0,1
"W1","W",48,"1",0,1
"W1","W",48,"1",0,1
"W1","W",48,"1",0,1
"W1","W",48,"1",0,1
"W1","W",48,"1",0,1
"W1","W",48,"1",0,1
"W1","W",48,"1",0,1
"W2","W",48,"1",0,2
"W2","W",48,"1",0,2
"W2","W",48,"1",0,2
"W2","W",48,"1",0,2
"W2","W",48,"1",0,2
"W2","W",48,"1",0,2
"W2","W",48,"1",0,2
"W2","W",48,"1",0,2
"W2","W",48,"1",0,2
"W2","W",48,"1",0,2
"W3","W",48,"1",0,3
"W3","W",48,"1",0,3
"W3","W",48,"1",0,3
"W3","W",48,"1",0,3
"W3","W",48,"1",0,3
"W3","W",48,"1",0,3
"W3","W",48,"1",0,3
"W3","W",48,"1",0,3
"W3","W",48,"1",0,3
"W3","W",48,"1",0,3
"W4","W",48,"1",1,4
"W4","W",48,"1",0,4
"W4","W",48,"1",0,4
"W4","W",48,"1",0,4
"W4","W",48,"1",0,4
"W4","W",48,"1",0,4
"W4","W",48,"1",0,4
"W4","W",48,"1",0,4
"W4","W",48,"1",0,4
"W4","W",48,"1",0,4
"W5","W",48,"1",1,5
"W5","W",48,"1",0,5
"W5","W",48,"1",0,5
"W5","W",48,"1",0,5
"W5","W",48,"1",0,5
"W5","W",48,"1",0,5
"W5","W",48,"1",0,5
"W5","W",48,"1",0,5
"W5","W",48,"1",0,5
"W5","W",48,"1",0,5
"W6","W",48,"1",0,6
"W6","W",48,"1",0,6
"W6","W",48,"1",0,6
"W6","W",48,"1",0,6
"W6","W",48,"1",0,6
"W6","W",48,"1",0,6
"W6","W",48,"1",0,6
"W6","W",48,"1",0,6
"W6","W",48,"1",0,6
"W6","W",48,"1",0,6
"W7","W",48,"1",0,7
"W7","W",48,"1",0,7
"W7","W",48,"1",0,7
"W7","W",48,"1",0,7
"W7","W",48,"1",0,7
"W7","W",48,"1",0,7
"W7","W",48,"1",0,7
"W7","W",48,"1",0,7
"W7","W",48,"1",0,7
"W7","W",48,"1",0,7
"T8","T",48,"2",1,8
"T8","T",48,"2",1,8
"T8","T",48,"2",1,8
"T8","T",48,"2",1,8
"T8","T",48,"2",0,8
"T8","T",48,"2",0,8
"T8","T",48,"2",0,8
"T8","T",48,"2",0,8
"T8","T",48,"2",0,8
"T8","T",48,"2",0,8
"V8","V",48,"2",0,8
"V8","V",48,"2",0,8
"V8","V",48,"2",0,8
"V8","V",48,"2",0,8
"V8","V",48,"2",0,8
"V8","V",48,"2",0,8
"V8","V",48,"2",0,8
"V8","V",48,"2",0,8
"V8","V",48,"2",0,8
"V8","V",48,"2",0,8
"P8","P",48,"2",1,8
"P8","P",48,"2",0,8
"P8","P",48,"2",0,8
"P8","P",48,"2",0,8
"P8","P",48,"2",0,8
"P8","P",48,"2",0,8
"P8","P",48,"2",0,8
"P8","P",48,"2",0,8
"P8","P",48,"2",0,8
"P8","P",48,"2",0,8
"L8","L",24,"2",1,8
"L8","L",48,"2",0,8
"L8","L",48,"2",0,8
"L8","L",48,"2",0,8
"L8","L",48,"2",0,8
"L8","L",48,"2",0,8
"L8","L",48,"2",0,8
"L8","L",48,"2",0,8
"L8","L",48,"2",0,8
"L8","L",48,"2",0,8
"H8","H",24,"2",1,8
"H8","H",48,"2",0,8
"H8","H",48,"2",0,8
"H8","H",48,"2",0,8
"H8","H",48,"2",0,8
"H8","H",48,"2",0,8
"H8","H",48,"2",0,8
"H8","H",48,"2",0,8
"H8","H",48,"2",0,8
"H8","H",48,"2",0,8
"T9","T",48,"2",0,9
"T9","T",48,"2",0,9
"T9","T",48,"2",0,9
"T9","T",48,"2",0,9
"T9","T",48,"2",0,9
"T9","T",48,"2",0,9
"T9","T",48,"2",0,9
"T9","T",48,"2",0,9
"T9","T",48,"2",0,9
"T9","T",48,"2",0,9
"V9","V",24,"2",1,9
"V9","V",48,"2",0,9
"V9","V",48,"2",0,9
"V9","V",48,"2",0,9
"V9","V",48,"2",0,9
"V9","V",48,"2",0,9
"V9","V",48,"2",0,9
"V9","V",48,"2",0,9
"V9","V",48,"2",0,9
"V9","V",48,"2",0,9
"P9","P",48,"2",1,9
"P9","P",48,"2",0,9
"P9","P",48,"2",0,9
"P9","P",48,"2",0,9
"P9","P",48,"2",0,9
"P9","P",48,"2",0,9
"P9","P",48,"2",0,9
"P9","P",48,"2",0,9
"P9","P",48,"2",0,9
"P9","P",48,"2",0,9
"L9","L",24,"2",1,9
"L9","L",48,"2",0,9
"L9","L",48,"2",0,9
"L9","L",48,"2",0,9
"L9","L",48,"2",0,9
"L9","L",48,"2",0,9
"L9","L",48,"2",0,9
"L9","L",48,"2",0,9
"L9","L",48,"2",0,9
"L9","L",48,"2",0,9
"H9","H",48,"2",1,9
"H9","H",48,"2",0,9
"H9","H",48,"2",0,9
"H9","H",48,"2",0,9
"H9","H",48,"2",0,9
"H9","H",48,"2",0,9
"H9","H",48,"2",0,9
"H9","H",48,"2",0,9
"H9","H",48,"2",0,9
"H9","H",48,"2",0,9
"T10","T",48,"2",0,10
"T10","T",48,"2",0,10
"T10","T",48,"2",0,10
"T10","T",48,"2",0,10
"T10","T",48,"2",0,10
"T10","T",48,"2",0,10
"T10","T",48,"2",0,10
"T10","T",48,"2",0,10
"T10","T",48,"2",0,10
"T10","T",48,"2",0,10
"V10","V",48,"2",0,10
"V10","V",48,"2",0,10
"V10","V",48,"2",0,10
"V10","V",48,"2",0,10
"V10","V",48,"2",0,10
"V10","V",48,"2",0,10
"V10","V",48,"2",0,10
"V10","V",48,"2",0,10
"V10","V",48,"2",0,10
"V10","V",48,"2",0,10
"P10","P",48,"2",0,10
"P10","P",48,"2",0,10
"P10","P",48,"2",0,10
"P10","P",48,"2",0,10
"P10","P",48,"2",0,10
"P10","P",48,"2",0,10
"P10","P",48,"2",0,10
"P10","P",48,"2",0,10
"P10","P",48,"2",0,10
"P10","P",48,"2",0,10
"L10","L",48,"2",1,10
"L10","L",48,"2",0,10
"L10","L",48,"2",0,10
"L10","L",48,"2",0,10
"L10","L",48,"2",0,10
"L10","L",48,"2",0,10
"L10","L",48,"2",0,10
"L10","L",48,"2",0,10
"L10","L",48,"2",0,10
"L10","L",48,"2",0,10
"H10","H",48,"2",1,10
"H10","H",48,"2",0,10
"H10","H",48,"2",0,10
"H10","H",48,"2",0,10
"H10","H",48,"2",0,10
"H10","H",48,"2",0,10
"H10","H",48,"2",0,10
"H10","H",48,"2",0,10
"H10","H",48,"2",0,10
"H10","H",48,"2",0,10
"T11","T",48,"2",0,11
"T11","T",48,"2",0,11
"T11","T",48,"2",0,11
"T11","T",48,"2",0,11
"T11","T",48,"2",0,11
"T11","T",48,"2",0,11
"T11","T",48,"2",0,11
"T11","T",48,"2",0,11
"T11","T",48,"2",0,11
"T11","T",48,"2",0,11
"V11","V",48,"2",0,11
"V11","V",48,"2",0,11
"V11","V",48,"2",0,11
"V11","V",48,"2",0,11
"V11","V",48,"2",0,11
"V11","V",48,"2",0,11
"V11","V",48,"2",0,11
"V11","V",48,"2",0,11
"V11","V",48,"2",0,11
"V11","V",48,"2",0,11
"P11","P",48,"2",0,11
"P11","P",48,"2",0,11
"P11","P",48,"2",0,11
"P11","P",48,"2",0,11
"P11","P",48,"2",0,11
"P11","P",48,"2",0,11
"P11","P",48,"2",0,11
"P11","P",48,"2",0,11
"P11","P",48,"2",0,11
"P11","P",48,"2",0,11
"L11","L",48,"2",0,11
"L11","L",48,"2",0,11
"L11","L",48,"2",0,11
"L11","L",48,"2",0,11
"L11","L",48,"2",0,11
"L11","L",48,"2",0,11
"L11","L",48,"2",0,11
"L11","L",48,"2",0,11
"L11","L",48,"2",0,11
"L11","L",48,"2",0,11
"H11","H",48,"2",0,11
"H11","H",48,"2",0,11
"H11","H",48,"2",0,11
"H11","H",48,"2",0,11
"H11","H",48,"2",0,11
"H11","H",48,"2",0,11
"H11","H",48,"2",0,11
"H11","H",48,"2",0,11
"H11","H",48,"2",0,11
"H11","H",48,"2",0,11
"T12","T",48,"2",0,12
"T12","T",48,"2",0,12
"T12","T",48,"2",0,12
"T12","T",48,"2",0,12
"T12","T",48,"2",0,12
"T12","T",48,"2",0,12
"T12","T",48,"2",0,12
"T12","T",48,"2",0,12
"T12","T",48,"2",0,12
"T12","T",48,"2",0,12
"V12","V",48,"2",0,12
"V12","V",48,"2",0,12
"V12","V",48,"2",0,12
"V12","V",48,"2",0,12
"V12","V",48,"2",0,12
"V12","V",48,"2",0,12
"V12","V",48,"2",0,12
"V12","V",48,"2",0,12
"V12","V",48,"2",0,12
"V12","V",48,"2",0,12
"P12","P",48,"2",1,12
"P12","P",48,"2",1,12
"P12","P",48,"2",0,12
"P12","P",48,"2",0,12
"P12","P",48,"2",0,12
"P12","P",48,"2",0,12
"P12","P",48,"2",0,12
"P12","P",48,"2",0,12
"P12","P",48,"2",0,12
"P12","P",48,"2",0,12
"L12","L",48,"2",0,12
"L12","L",48,"2",0,12
"L12","L",48,"2",0,12
"L12","L",48,"2",0,12
"L12","L",48,"2",0,12
"L12","L",48,"2",0,12
"L12","L",48,"2",0,12
"L12","L",48,"2",0,12
"L12","L",48,"2",0,12
"L12","L",48,"2",0,12
"H12","H",48,"2",1,12
"H12","H",48,"2",0,12
"H12","H",48,"2",0,12
"H12","H",48,"2",0,12
"H12","H",48,"2",0,12
"H12","H",48,"2",0,12
"H12","H",48,"2",0,12
"H12","H",48,"2",0,12
"H12","H",48,"2",0,12
"H12","H",48,"2",0,12
"T13","T",48,"2",0,13
"T13","T",48,"2",0,13
"T13","T",48,"2",0,13
"T13","T",48,"2",0,13
"T13","T",48,"2",0,13
"T13","T",48,"2",0,13
"T13","T",48,"2",0,13
"T13","T",48,"2",0,13
"T13","T",48,"2",0,13
"T13","T",48,"2",0,13
"V13","V",48,"2",1,13
"V13","V",48,"2",0,13
"V13","V",48,"2",0,13
"V13","V",48,"2",0,13
"V13","V",48,"2",0,13
"V13","V",48,"2",0,13
"V13","V",48,"2",0,13
"V13","V",48,"2",0,13
"V13","V",48,"2",0,13
"V13","V",48,"2",0,13
"P13","P",24,"2",1,13
"P13","P",48,"2",0,13
"P13","P",48,"2",0,13
"P13","P",48,"2",0,13
"P13","P",48,"2",0,13
"P13","P",48,"2",0,13
"P13","P",48,"2",0,13
"P13","P",48,"2",0,13
"P13","P",48,"2",0,13
"P13","P",48,"2",0,13
"L13","L",48,"2",0,13
"L13","L",48,"2",0,13
"L13","L",48,"2",0,13
"L13","L",48,"2",0,13
"L13","L",48,"2",0,13
"L13","L",48,"2",0,13
"L13","L",48,"2",0,13
"L13","L",48,"2",0,13
"L13","L",48,"2",0,13
"L13","L",48,"2",0,13
"H13","H",48,"2",1,13
"H13","H",48,"2",0,13
"H13","H",48,"2",0,13
"H13","H",48,"2",0,13
"H13","H",48,"2",0,13
"H13","H",48,"2",0,13
"H13","H",48,"2",0,13
"H13","H",48,"2",0,13
"H13","H",48,"2",0,13
"H13","H",48,"2",0,13
"T14","T",48,"2",1,14
"T14","T",48,"2",0,14
"T14","T",48,"2",0,14
"T14","T",48,"2",0,14
"T14","T",48,"2",0,14
"T14","T",48,"2",0,14
"T14","T",48,"2",0,14
"T14","T",48,"2",0,14
"T14","T",48,"2",0,14
"T14","T",48,"2",0,14
"V14","V",48,"2",0,14
"V14","V",48,"2",0,14
"V14","V",48,"2",0,14
"V14","V",48,"2",0,14
"V14","V",48,"2",0,14
"V14","V",48,"2",0,14
"V14","V",48,"2",0,14
"V14","V",48,"2",0,14
"V14","V",48,"2",0,14
"V14","V",48,"2",0,14
"P14","P",24,"2",1,14
"P14","P",24,"2",1,14
"P14","P",48,"2",1,14
"P14","P",48,"2",0,14
"P14","P",48,"2",0,14
"P14","P",48,"2",0,14
"P14","P",48,"2",0,14
"P14","P",48,"2",0,14
"P14","P",48,"2",0,14
"P14","P",48,"2",0,14
"L14","L",24,"2",1,14
"L14","L",48,"2",0,14
"L14","L",48,"2",0,14
"L14","L",48,"2",0,14
"L14","L",48,"2",0,14
"L14","L",48,"2",0,14
"L14","L",48,"2",0,14
"L14","L",48,"2",0,14
"L14","L",48,"2",0,14
"L14","L",48,"2",0,14
"H14","H",48,"2",0,14
"H14","H",48,"2",0,14
"H14","H",48,"2",0,14
"H14","H",48,"2",0,14
"H14","H",48,"2",0,14
"H14","H",48,"2",0,14
"H14","H",48,"2",0,14
"H14","H",48,"2",0,14
"H14","H",48,"2",0,14
"H14","H",48,"2",0,14
"W8","W",48,"2",0,8
"W8","W",48,"2",0,8
"W8","W",48,"2",0,8
"W8","W",48,"2",0,8
"W8","W",48,"2",0,8
"W8","W",48,"2",0,8
"W8","W",48,"2",0,8
"W8","W",48,"2",0,8
"W8","W",48,"2",0,8
"W8","W",48,"2",0,8
"W9","W",48,"2",0,9
"W9","W",48,"2",0,9
"W9","W",48,"2",0,9
"W9","W",48,"2",0,9
"W9","W",48,"2",0,9
"W9","W",48,"2",0,9
"W9","W",48,"2",0,9
"W9","W",48,"2",0,9
"W9","W",48,"2",0,9
"W9","W",48,"2",0,9
"W10","W",48,"2",0,10
"W10","W",48,"2",0,10
"W10","W",48,"2",0,10
"W10","W",48,"2",0,10
"W10","W",48,"2",0,10
"W10","W",48,"2",0,10
"W10","W",48,"2",0,10
"W10","W",48,"2",0,10
"W10","W",48,"2",0,10
"W10","W",48,"2",0,10
"W11","W",24,"2",1,11
"W11","W",48,"2",1,11
"W11","W",48,"2",0,11
"W11","W",48,"2",0,11
"W11","W",48,"2",0,11
"W11","W",48,"2",0,11
"W11","W",48,"2",0,11
"W11","W",48,"2",0,11
"W11","W",48,"2",0,11
"W11","W",48,"2",0,11
"W12","W",48,"2",0,12
"W12","W",48,"2",0,12
"W12","W",48,"2",0,12
"W12","W",48,"2",0,12
"W12","W",48,"2",0,12
"W12","W",48,"2",0,12
"W12","W",48,"2",0,12
"W12","W",48,"2",0,12
"W12","W",48,"2",0,12
"W12","W",48,"2",0,12
"W13","W",48,"2",0,13
"W13","W",48,"2",0,13
"W13","W",48,"2",0,13
"W13","W",48,"2",0,13
"W13","W",48,"2",0,13
"W13","W",48,"2",0,13
"W13","W",48,"2",0,13
"W13","W",48,"2",0,13
"W13","W",48,"2",0,13
"W13","W",48,"2",0,13
"W14","W",48,"2",0,14
"W14","W",48,"2",0,14
"W14","W",48,"2",0,14
"W14","W",48,"2",0,14
"W14","W",48,"2",0,14
"W14","W",48,"2",0,14
"W14","W",48,"2",0,14
"W14","W",48,"2",0,14
"W14","W",48,"2",0,14
"W14","W",48,"2",0,14
"T15","T",48,"3",0,15
"T15","T",48,"3",0,15
"T15","T",48,"3",0,15
"T15","T",48,"3",0,15
"T15","T",48,"3",0,15
"T15","T",48,"3",0,15
"T15","T",48,"3",0,15
"T15","T",48,"3",0,15
"T15","T",48,"3",0,15
"T15","T",48,"3",0,15
"V15","V",48,"3",0,15
"V15","V",48,"3",0,15
"V15","V",48,"3",0,15
"V15","V",48,"3",0,15
"V15","V",48,"3",0,15
"V15","V",48,"3",0,15
"V15","V",48,"3",0,15
"V15","V",48,"3",0,15
"V15","V",48,"3",0,15
"V15","V",48,"3",0,15
"P15","P",48,"3",0,15
"P15","P",48,"3",0,15
"P15","P",48,"3",0,15
"P15","P",48,"3",0,15
"P15","P",48,"3",0,15
"P15","P",48,"3",0,15
"P15","P",48,"3",0,15
"P15","P",48,"3",0,15
"P15","P",48,"3",0,15
"P15","P",48,"3",0,15
"L15","L",48,"3",0,15
"L15","L",48,"3",0,15
"L15","L",48,"3",0,15
"L15","L",48,"3",0,15
"L15","L",48,"3",0,15
"L15","L",48,"3",0,15
"L15","L",48,"3",0,15
"L15","L",48,"3",0,15
"L15","L",48,"3",0,15
"L15","L",48,"3",0,15
"H15","H",48,"3",0,15
"H15","H",48,"3",0,15
"H15","H",48,"3",0,15
"H15","H",48,"3",0,15
"H15","H",48,"3",0,15
"H15","H",48,"3",0,15
"H15","H",48,"3",0,15
"H15","H",48,"3",0,15
"H15","H",48,"3",0,15
"H15","H",48,"3",0,15
"T16","T",48,"3",0,16
"T16","T",48,"3",0,16
"T16","T",48,"3",0,16
"T16","T",48,"3",0,16
"T16","T",48,"3",0,16
"T16","T",48,"3",0,16
"T16","T",48,"3",0,16
"T16","T",48,"3",0,16
"T16","T",48,"3",0,16
"T16","T",48,"3",0,16
"V16","V",24,"3",1,16
"V16","V",48,"3",0,16
"V16","V",48,"3",0,16
"V16","V",48,"3",0,16
"V16","V",48,"3",0,16
"V16","V",48,"3",0,16
"V16","V",48,"3",0,16
"V16","V",48,"3",0,16
"V16","V",48,"3",0,16
"V16","V",48,"3",0,16
"P16","P",48,"3",0,16
"P16","P",48,"3",0,16
"P16","P",48,"3",0,16
"P16","P",48,"3",0,16
"P16","P",48,"3",0,16
"P16","P",48,"3",0,16
"P16","P",48,"3",0,16
"P16","P",48,"3",0,16
"P16","P",48,"3",0,16
"P16","P",48,"3",0,16
"L16","L",48,"3",0,16
"L16","L",48,"3",0,16
"L16","L",48,"3",0,16
"L16","L",48,"3",0,16
"L16","L",48,"3",0,16
"L16","L",48,"3",0,16
"L16","L",48,"3",0,16
"L16","L",48,"3",0,16
"L16","L",48,"3",0,16
"L16","L",48,"3",0,16
"H16","H",48,"3",0,16
"H16","H",48,"3",0,16
"H16","H",48,"3",0,16
"H16","H",48,"3",0,16
"H16","H",48,"3",0,16
"H16","H",48,"3",0,16
"H16","H",48,"3",0,16
"H16","H",48,"3",0,16
"H16","H",48,"3",0,16
"H16","H",48,"3",0,16
"T17","T",24,"3",1,17
"T17","T",48,"3",0,17
"T17","T",48,"3",0,17
"T17","T",48,"3",0,17
"T17","T",48,"3",0,17
"T17","T",48,"3",0,17
"T17","T",48,"3",0,17
"T17","T",48,"3",0,17
"T17","T",48,"3",0,17
"T17","T",48,"3",0,17
"V17","V",48,"3",0,17
"V17","V",48,"3",0,17
"V17","V",48,"3",0,17
"V17","V",48,"3",0,17
"V17","V",48,"3",0,17
"V17","V",48,"3",0,17
"V17","V",48,"3",0,17
"V17","V",48,"3",0,17
"V17","V",48,"3",0,17
"V17","V",48,"3",0,17
"P17","P",24,"3",1,17
"P17","P",48,"3",0,17
"P17","P",48,"3",0,17
"P17","P",48,"3",0,17
"P17","P",48,"3",0,17
"P17","P",48,"3",0,17
"P17","P",48,"3",0,17
"P17","P",48,"3",0,17
"P17","P",48,"3",0,17
"P17","P",48,"3",0,17
"L17","L",48,"3",0,17
"L17","L",48,"3",0,17
"L17","L",48,"3",0,17
"L17","L",48,"3",0,17
"L17","L",48,"3",0,17
"L17","L",48,"3",0,17
"L17","L",48,"3",0,17
"L17","L",48,"3",0,17
"L17","L",48,"3",0,17
"L17","L",48,"3",0,17
"H17","H",48,"3",0,17
"H17","H",48,"3",0,17
"H17","H",48,"3",0,17
"H17","H",48,"3",0,17
"H17","H",48,"3",0,17
"H17","H",48,"3",0,17
"H17","H",48,"3",0,17
"H17","H",48,"3",0,17
"H17","H",48,"3",0,17
"H17","H",48,"3",0,17
"T18","T",24,"3",1,18
"T18","T",24,"3",1,18
"T18","T",24,"3",1,18
"T18","T",48,"3",1,18
"T18","T",48,"3",1,18
"T18","T",48,"3",1,18
"T18","T",48,"3",0,18
"T18","T",48,"3",0,18
"T18","T",48,"3",0,18
"T18","T",48,"3",0,18
"V18","V",24,"3",1,18
"V18","V",24,"3",1,18
"V18","V",24,"3",1,18
"V18","V",24,"3",1,18
"V18","V",48,"3",1,18
"V18","V",48,"3",1,18
"V18","V",48,"3",1,18
"V18","V",48,"3",1,18
"V18","V",48,"3",0,18
"V18","V",48,"3",0,18
"P18","P",24,"3",1,18
"P18","P",24,"3",1,18
"P18","P",24,"3",1,18
"P18","P",48,"3",1,18
"P18","P",48,"3",1,18
"P18","P",48,"3",1,18
"P18","P",48,"3",1,18
"P18","P",48,"3",1,18
"P18","P",48,"3",0,18
"P18","P",48,"3",0,18
"L18","L",48,"3",1,18
"L18","L",48,"3",0,18
"L18","L",48,"3",0,18
"L18","L",48,"3",0,18
"L18","L",48,"3",0,18
"L18","L",48,"3",0,18
"L18","L",48,"3",0,18
"L18","L",48,"3",0,18
"L18","L",48,"3",0,18
"L18","L",48,"3",0,18
"H18","H",48,"3",1,18
"H18","H",48,"3",0,18
"H18","H",48,"3",0,18
"H18","H",48,"3",0,18
"H18","H",48,"3",0,18
"H18","H",48,"3",0,18
"H18","H",48,"3",0,18
"H18","H",48,"3",0,18
"H18","H",48,"3",0,18
"H18","H",48,"3",0,18
"T19","T",48,"3",1,19
"T19","T",48,"3",0,19
"T19","T",48,"3",0,19
"T19","T",48,"3",0,19
"T19","T",48,"3",0,19
"T19","T",48,"3",0,19
"T19","T",48,"3",0,19
"T19","T",48,"3",0,19
"T19","T",48,"3",0,19
"T19","T",48,"3",0,19
"V19","V",48,"3",0,19
"V19","V",48,"3",0,19
"V19","V",48,"3",0,19
"V19","V",48,"3",0,19
"V19","V",48,"3",0,19
"V19","V",48,"3",0,19
"V19","V",48,"3",0,19
"V19","V",48,"3",0,19
"V19","V",48,"3",0,19
"V19","V",48,"3",0,19
"P19","P",48,"3",0,19
"P19","P",48,"3",0,19
"P19","P",48,"3",0,19
"P19","P",48,"3",0,19
"P19","P",48,"3",0,19
"P19","P",48,"3",0,19
"P19","P",48,"3",0,19
"P19","P",48,"3",0,19
"P19","P",48,"3",0,19
"P19","P",48,"3",0,19
"L19","L",48,"3",0,19
"L19","L",48,"3",0,19
"L19","L",48,"3",0,19
"L19","L",48,"3",0,19
"L19","L",48,"3",0,19
"L19","L",48,"3",0,19
"L19","L",48,"3",0,19
"L19","L",48,"3",0,19
"L19","L",48,"3",0,19
"L19","L",48,"3",0,19
"H19","H",48,"3",0,19
"H19","H",48,"3",0,19
"H19","H",48,"3",0,19
"H19","H",48,"3",0,19
"H19","H",48,"3",0,19
"H19","H",48,"3",0,19
"H19","H",48,"3",0,19
"H19","H",48,"3",0,19
"H19","H",48,"3",0,19
"H19","H",48,"3",0,19
"T20","T",24,"3",1,20
"T20","T",48,"3",0,20
"T20","T",48,"3",0,20
"T20","T",48,"3",0,20
"T20","T",48,"3",0,20
"T20","T",48,"3",0,20
"T20","T",48,"3",0,20
"T20","T",48,"3",0,20
"T20","T",48,"3",0,20
"T20","T",48,"3",0,20
"V20","V",48,"3",1,20
"V20","V",48,"3",0,20
"V20","V",48,"3",0,20
"V20","V",48,"3",0,20
"V20","V",48,"3",0,20
"V20","V",48,"3",0,20
"V20","V",48,"3",0,20
"V20","V",48,"3",0,20
"V20","V",48,"3",0,20
"V20","V",48,"3",0,20
"P20","P",24,"3",1,20
"P20","P",48,"3",0,20
"P20","P",48,"3",0,20
"P20","P",48,"3",0,20
"P20","P",48,"3",0,20
"P20","P",48,"3",0,20
"P20","P",48,"3",0,20
"P20","P",48,"3",0,20
"P20","P",48,"3",0,20
"P20","P",48,"3",0,20
"L20","L",24,"3",1,20
"L20","L",48,"3",0,20
"L20","L",48,"3",0,20
"L20","L",48,"3",0,20
"L20","L",48,"3",0,20
"L20","L",48,"3",0,20
"L20","L",48,"3",0,20
"L20","L",48,"3",0,20
"L20","L",48,"3",0,20
"L20","L",48,"3",0,20
"H20","H",48,"3",0,20
"H20","H",48,"3",0,20
"H20","H",48,"3",0,20
"H20","H",48,"3",0,20
"H20","H",48,"3",0,20
"H20","H",48,"3",0,20
"H20","H",48,"3",0,20
"H20","H",48,"3",0,20
"H20","H",48,"3",0,20
"H20","H",48,"3",0,20
"T21","T",24,"3",1,21
"T21","T",48,"3",0,21
"T21","T",48,"3",0,21
"T21","T",48,"3",0,21
"T21","T",48,"3",0,21
"T21","T",48,"3",0,21
"T21","T",48,"3",0,21
"T21","T",48,"3",0,21
"T21","T",48,"3",0,21
"T21","T",48,"3",0,21
"V21","V",24,"3",1,21
"V21","V",24,"3",1,21
"V21","V",24,"3",1,21
"V21","V",48,"3",1,21
"V21","V",48,"3",0,21
"V21","V",48,"3",0,21
"V21","V",48,"3",0,21
"V21","V",48,"3",0,21
"V21","V",48,"3",0,21
"V21","V",48,"3",0,21
"P21","P",48,"3",0,21
"P21","P",48,"3",0,21
"P21","P",48,"3",0,21
"P21","P",48,"3",0,21
"P21","P",48,"3",0,21
"P21","P",48,"3",0,21
"P21","P",48,"3",0,21
"P21","P",48,"3",0,21
"P21","P",48,"3",0,21
"P21","P",48,"3",0,21
"L21","L",48,"3",1,21
"L21","L",48,"3",0,21
"L21","L",48,"3",0,21
"L21","L",48,"3",0,21
"L21","L",48,"3",0,21
"L21","L",48,"3",0,21
"L21","L",48,"3",0,21
"L21","L",48,"3",0,21
"L21","L",48,"3",0,21
"L21","L",48,"3",0,21
"H21","H",24,"3",1,21
"H21","H",48,"3",1,21
"H21","H",48,"3",0,21
"H21","H",48,"3",0,21
"H21","H",48,"3",0,21
"H21","H",48,"3",0,21
"H21","H",48,"3",0,21
"H21","H",48,"3",0,21
"H21","H",48,"3",0,21
"H21","H",48,"3",0,21
"W15","W",24,"3",1,15
"W15","W",48,"3",0,15
"W15","W",48,"3",0,15
"W15","W",48,"3",0,15
"W15","W",48,"3",0,15
"W15","W",48,"3",0,15
"W15","W",48,"3",0,15
"W15","W",48,"3",0,15
"W15","W",48,"3",0,15
"W15","W",48,"3",0,15
"W16","W",48,"3",0,16
"W16","W",48,"3",0,16
"W16","W",48,"3",0,16
"W16","W",48,"3",0,16
"W16","W",48,"3",0,16
"W16","W",48,"3",0,16
"W16","W",48,"3",0,16
"W16","W",48,"3",0,16
"W16","W",48,"3",0,16
"W16","W",48,"3",0,16
"W17","W",48,"3",0,17
"W17","W",48,"3",0,17
"W17","W",48,"3",0,17
"W17","W",48,"3",0,17
"W17","W",48,"3",0,17
"W17","W",48,"3",0,17
"W17","W",48,"3",0,17
"W17","W",48,"3",0,17
"W17","W",48,"3",0,17
"W17","W",48,"3",0,17
"W18","W",48,"3",0,18
"W18","W",48,"3",0,18
"W18","W",48,"3",0,18
"W18","W",48,"3",0,18
"W18","W",48,"3",0,18
"W18","W",48,"3",0,18
"W18","W",48,"3",0,18
"W18","W",48,"3",0,18
"W18","W",48,"3",0,18
"W18","W",48,"3",0,18
"W19","W",48,"3",0,19
"W19","W",48,"3",0,19
"W19","W",48,"3",0,19
"W19","W",48,"3",0,19
"W19","W",48,"3",0,19
"W19","W",48,"3",0,19
"W19","W",48,"3",0,19
"W19","W",48,"3",0,19
"W19","W",48,"3",0,19
"W19","W",48,"3",0,19
"W20","W",48,"3",0,20
"W20","W",48,"3",0,20
"W20","W",48,"3",0,20
"W20","W",48,"3",0,20
"W20","W",48,"3",0,20
"W20","W",48,"3",0,20
"W20","W",48,"3",0,20
"W20","W",48,"3",0,20
"W20","W",48,"3",0,20
"W20","W",48,"3",0,20
"W21","W",48,"3",0,21
"W21","W",48,"3",0,21
"W21","W",48,"3",0,21
"W21","W",48,"3",0,21
"W21","W",48,"3",0,21
"W21","W",48,"3",0,21
"W21","W",48,"3",0,21
"W21","W",48,"3",0,21
"W21","W",48,"3",0,21
"W21","W",48,"3",0,21
"T22","T",24,"5",1,22
"T22","T",24,"5",1,22
"T22","T",24,"5",1,22
"T22","T",24,"5",1,22
"T22","T",24,"5",1,22
"T22","T",24,"5",1,22
"T22","T",24,"5",1,22
"T22","T",48,"5",1,22
"T22","T",48,"5",1,22
"T22","T",48,"5",1,22
"V22","V",24,"5",1,22
"V22","V",24,"5",1,22
"V22","V",24,"5",1,22
"V22","V",24,"5",1,22
"V22","V",24,"5",1,22
"V22","V",24,"5",1,22
"V22","V",24,"5",1,22
"V22","V",24,"5",1,22
"V22","V",24,"5",1,22
"V22","V",48,"5",1,22
"P22","P",24,"5",1,22
"P22","P",24,"5",1,22
"P22","P",24,"5",1,22
"P22","P",48,"5",1,22
"P22","P",48,"5",0,22
"P22","P",48,"5",0,22
"P22","P",48,"5",0,22
"P22","P",48,"5",0,22
"P22","P",48,"5",0,22
"P22","P",48,"5",0,22
"L22","L",24,"5",1,22
"L22","L",24,"5",1,22
"L22","L",24,"5",1,22
"L22","L",48,"5",1,22
"L22","L",48,"5",0,22
"L22","L",48,"5",0,22
"L22","L",48,"5",0,22
"L22","L",48,"5",0,22
"L22","L",48,"5",0,22
"L22","L",48,"5",0,22
"H22","H",24,"5",1,22
"H22","H",24,"5",1,22
"H22","H",24,"5",1,22
"H22","H",24,"5",1,22
"H22","H",24,"5",1,22
"H22","H",24,"5",1,22
"H22","H",24,"5",1,22
"H22","H",24,"5",1,22
"H22","H",24,"5",1,22
"H22","H",24,"5",1,22
"T23","T",24,"5",1,23
"T23","T",24,"5",1,23
"T23","T",24,"5",1,23
"T23","T",24,"5",1,23
"T23","T",24,"5",1,23
"T23","T",24,"5",1,23
"T23","T",24,"5",1,23
"T23","T",24,"5",1,23
"T23","T",24,"5",1,23
"T23","T",24,"5",1,23
"V23","V",24,"5",1,23
"V23","V",24,"5",1,23
"V23","V",24,"5",1,23
"V23","V",24,"5",1,23
"V23","V",24,"5",1,23
"V23","V",24,"5",1,23
"V23","V",24,"5",1,23
"V23","V",24,"5",1,23
"V23","V",24,"5",1,23
"V23","V",48,"5",0,23
"P23","P",24,"5",1,23
"P23","P",24,"5",1,23
"P23","P",24,"5",1,23
"P23","P",24,"5",1,23
"P23","P",24,"5",1,23
"P23","P",24,"5",1,23
"P23","P",48,"5",1,23
"P23","P",48,"5",0,23
"P23","P",48,"5",0,23
"P23","P",48,"5",0,23
"L23","L",24,"5",1,23
"L23","L",24,"5",1,23
"L23","L",24,"5",1,23
"L23","L",24,"5",1,23
"L23","L",24,"5",1,23
"L23","L",24,"5",1,23
"L23","L",24,"5",1,23
"L23","L",24,"5",1,23
"L23","L",48,"5",1,23
"L23","L",48,"5",0,23
"H23","H",24,"5",1,23
"H23","H",24,"5",1,23
"H23","H",24,"5",1,23
"H23","H",24,"5",1,23
"H23","H",24,"5",1,23
"H23","H",24,"5",1,23
"H23","H",24,"5",1,23
"H23","H",24,"5",1,23
"H23","H",24,"5",1,23
"H23","H",24,"5",1,23
"T24","T",24,"5",1,24
"T24","T",48,"5",1,24
"T24","T",48,"5",0,24
"T24","T",48,"5",0,24
"T24","T",48,"5",0,24
"T24","T",48,"5",0,24
"T24","T",48,"5",0,24
"T24","T",48,"5",0,24
"T24","T",48,"5",0,24
"T24","T",48,"5",0,24
"V24","V",48,"5",0,24
"V24","V",48,"5",0,24
"V24","V",48,"5",0,24
"V24","V",48,"5",0,24
"V24","V",48,"5",0,24
"V24","V",48,"5",0,24
"V24","V",48,"5",0,24
"V24","V",48,"5",0,24
"V24","V",48,"5",0,24
"V24","V",48,"5",0,24
"P24","P",24,"5",1,24
"P24","P",24,"5",1,24
"P24","P",24,"5",1,24
"P24","P",24,"5",1,24
"P24","P",48,"5",1,24
"P24","P",48,"5",0,24
"P24","P",48,"5",0,24
"P24","P",48,"5",0,24
"P24","P",48,"5",0,24
"P24","P",48,"5",0,24
"L24","L",24,"5",1,24
"L24","L",24,"5",1,24
"L24","L",24,"5",1,24
"L24","L",24,"5",1,24
"L24","L",24,"5",1,24
"L24","L",48,"5",1,24
"L24","L",48,"5",0,24
"L24","L",48,"5",0,24
"L24","L",48,"5",0,24
"L24","L",48,"5",0,24
"H24","H",24,"5",1,24
"H24","H",24,"5",1,24
"H24","H",48,"5",1,24
"H24","H",48,"5",0,24
"H24","H",48,"5",0,24
"H24","H",48,"5",0,24
"H24","H",48,"5",0,24
"H24","H",48,"5",0,24
"H24","H",48,"5",0,24
"H24","H",48,"5",0,24
"T25","T",24,"5",1,25
"T25","T",24,"5",1,25
"T25","T",24,"5",1,25
"T25","T",24,"5",1,25
"T25","T",24,"5",1,25
"T25","T",24,"5",1,25
"T25","T",24,"5",1,25
"T25","T",24,"5",1,25
"T25","T",24,"5",1,25
"T25","T",48,"5",1,25
"V25","V",24,"5",1,25
"V25","V",24,"5",1,25
"V25","V",24,"5",1,25
"V25","V",24,"5",1,25
"V25","V",48,"5",1,25
"V25","V",48,"5",1,25
"V25","V",48,"5",1,25
"V25","V",48,"5",1,25
"V25","V",48,"5",0,25
"V25","V",48,"5",0,25
"P25","P",48,"5",1,25
"P25","P",48,"5",1,25
"P25","P",48,"5",0,25
"P25","P",48,"5",0,25
"P25","P",48,"5",0,25
"P25","P",48,"5",0,25
"P25","P",48,"5",0,25
"P25","P",48,"5",0,25
"P25","P",48,"5",0,25
"P25","P",48,"5",0,25
"L25","L",48,"5",1,25
"L25","L",48,"5",1,25
"L25","L",48,"5",0,25
"L25","L",48,"5",0,25
"L25","L",48,"5",0,25
"L25","L",48,"5",0,25
"L25","L",48,"5",0,25
"L25","L",48,"5",0,25
"L25","L",48,"5",0,25
"L25","L",48,"5",0,25
"H25","H",48,"5",1,25
"H25","H",48,"5",1,25
"H25","H",48,"5",0,25
"H25","H",48,"5",0,25
"H25","H",48,"5",0,25
"H25","H",48,"5",0,25
"H25","H",48,"5",0,25
"H25","H",48,"5",0,25
"H25","H",48,"5",0,25
"H25","H",48,"5",0,25
"T26","T",24,"5",1,26
"T26","T",24,"5",1,26
"T26","T",24,"5",1,26
"T26","T",24,"5",1,26
"T26","T",24,"5",1,26
"T26","T",24,"5",1,26
"T26","T",24,"5",1,26
"T26","T",24,"5",1,26
"T26","T",48,"5",1,26
"T26","T",48,"5",0,26
"V26","V",24,"5",1,26
"V26","V",24,"5",1,26
"V26","V",24,"5",1,26
"V26","V",24,"5",1,26
"V26","V",24,"5",1,26
"V26","V",24,"5",1,26
"V26","V",24,"5",1,26
"V26","V",24,"5",1,26
"V26","V",24,"5",1,26
"V26","V",24,"5",1,26
"P26","P",24,"5",1,26
"P26","P",24,"5",1,26
"P26","P",24,"5",1,26
"P26","P",24,"5",1,26
"P26","P",24,"5",1,26
"P26","P",48,"5",1,26
"P26","P",48,"5",1,26
"P26","P",48,"5",0,26
"P26","P",48,"5",0,26
"P26","P",48,"5",0,26
"L26","L",48,"5",1,26
"L26","L",48,"5",0,26
"L26","L",48,"5",0,26
"L26","L",48,"5",0,26
"L26","L",48,"5",0,26
"L26","L",48,"5",0,26
"L26","L",48,"5",0,26
"L26","L",48,"5",0,26
"L26","L",48,"5",0,26
"L26","L",48,"5",0,26
"H26","H",48,"5",1,26
"H26","H",48,"5",1,26
"H26","H",48,"5",0,26
"H26","H",48,"5",0,26
"H26","H",48,"5",0,26
"H26","H",48,"5",0,26
"H26","H",48,"5",0,26
"H26","H",48,"5",0,26
"H26","H",48,"5",0,26
"H26","H",48,"5",0,26
"T27","T",24,"5",1,27
"T27","T",24,"5",1,27
"T27","T",24,"5",1,27
"T27","T",24,"5",1,27
"T27","T",24,"5",1,27
"T27","T",24,"5",1,27
"T27","T",24,"5",1,27
"T27","T",48,"5",1,27
"T27","T",48,"5",1,27
"T27","T",48,"5",0,27
"V27","V",24,"5",1,27
"V27","V",24,"5",1,27
"V27","V",24,"5",1,27
"V27","V",24,"5",1,27
"V27","V",24,"5",1,27
"V27","V",24,"5",1,27
"V27","V",24,"5",1,27
"V27","V",24,"5",1,27
"V27","V",24,"5",1,27
"V27","V",24,"5",1,27
"P27","P",24,"5",1,27
"P27","P",24,"5",1,27
"P27","P",24,"5",1,27
"P27","P",24,"5",1,27
"P27","P",48,"5",1,27
"P27","P",48,"5",1,27
"P27","P",48,"5",1,27
"P27","P",48,"5",1,27
"P27","P",48,"5",0,27
"P27","P",48,"5",0,27
"L27","L",24,"5",1,27
"L27","L",24,"5",1,27
"L27","L",48,"5",1,27
"L27","L",48,"5",0,27
"L27","L",48,"5",0,27
"L27","L",48,"5",0,27
"L27","L",48,"5",0,27
"L27","L",48,"5",0,27
"L27","L",48,"5",0,27
"L27","L",48,"5",0,27
"H27","H",24,"5",1,27
"H27","H",24,"5",1,27
"H27","H",24,"5",1,27
"H27","H",24,"5",1,27
"H27","H",24,"5",1,27
"H27","H",24,"5",1,27
"H27","H",24,"5",1,27
"H27","H",24,"5",1,27
"H27","H",24,"5",1,27
"H27","H",24,"5",1,27
"T28","T",24,"5",1,28
"T28","T",24,"5",1,28
"T28","T",24,"5",1,28
"T28","T",24,"5",1,28
"T28","T",24,"5",1,28
"T28","T",24,"5",1,28
"T28","T",24,"5",1,28
"T28","T",24,"5",1,28
"T28","T",24,"5",1,28
"T28","T",48,"5",1,28
"V28","V",24,"5",1,28
"V28","V",24,"5",1,28
"V28","V",24,"5",1,28
"V28","V",24,"5",1,28
"V28","V",24,"5",1,28
"V28","V",24,"5",1,28
"V28","V",24,"5",1,28
"V28","V",24,"5",1,28
"V28","V",24,"5",1,28
"V28","V",24,"5",1,28
"P28","P",24,"5",1,28
"P28","P",24,"5",1,28
"P28","P",24,"5",1,28
"P28","P",24,"5",1,28
"P28","P",24,"5",1,28
"P28","P",24,"5",1,28
"P28","P",24,"5",1,28
"P28","P",24,"5",1,28
"P28","P",24,"5",1,28
"P28","P",24,"5",1,28
"L28","L",24,"5",1,28
"L28","L",24,"5",1,28
"L28","L",24,"5",1,28
"L28","L",48,"5",1,28
"L28","L",48,"5",0,28
"L28","L",48,"5",0,28
"L28","L",48,"5",0,28
"L28","L",48,"5",0,28
"L28","L",48,"5",0,28
"L28","L",48,"5",0,28
"H28","H",24,"5",1,28
"H28","H",48,"5",0,28
"H28","H",48,"5",0,28
"H28","H",48,"5",0,28
"H28","H",48,"5",0,28
"H28","H",48,"5",0,28
"H28","H",48,"5",0,28
"H28","H",48,"5",0,28
"H28","H",48,"5",0,28
"H28","H",48,"5",0,28
"W22","W",24,"5",1,22
"W22","W",48,"5",0,22
"W22","W",48,"5",0,22
"W22","W",48,"5",0,22
"W22","W",48,"5",0,22
"W22","W",48,"5",0,22
"W22","W",48,"5",0,22
"W22","W",48,"5",0,22
"W22","W",48,"5",0,22
"W22","W",48,"5",0,22
"W23","W",24,"5",1,23
"W23","W",48,"5",0,23
"W23","W",48,"5",0,23
"W23","W",48,"5",0,23
"W23","W",48,"5",0,23
"W23","W",48,"5",0,23
"W23","W",48,"5",0,23
"W23","W",48,"5",0,23
"W23","W",48,"5",0,23
"W23","W",48,"5",0,23
"W24","W",48,"5",0,24
"W24","W",48,"5",0,24
"W24","W",48,"5",0,24
"W24","W",48,"5",0,24
"W24","W",48,"5",0,24
"W24","W",48,"5",0,24
"W24","W",48,"5",0,24
"W24","W",48,"5",0,24
"W24","W",48,"5",0,24
"W24","W",48,"5",0,24
"W25","W",48,"5",0,25
"W25","W",48,"5",0,25
"W25","W",48,"5",0,25
"W25","W",48,"5",0,25
"W25","W",48,"5",0,25
"W25","W",48,"5",0,25
"W25","W",48,"5",0,25
"W25","W",48,"5",0,25
"W25","W",48,"5",0,25
"W25","W",48,"5",0,25
"W26","W",48,"5",0,26
"W26","W",48,"5",0,26
"W26","W",48,"5",0,26
"W26","W",48,"5",0,26
"W26","W",48,"5",0,26
"W26","W",48,"5",0,26
"W26","W",48,"5",0,26
"W26","W",48,"5",0,26
"W26","W",48,"5",0,26
"W26","W",48,"5",0,26
"W27","W",48,"5",0,27
"W27","W",48,"5",0,27
"W27","W",48,"5",0,27
"W27","W",48,"5",0,27
"W27","W",48,"5",0,27
"W27","W",48,"5",0,27
"W27","W",48,"5",0,27
"W27","W",48,"5",0,27
"W27","W",48,"5",0,27
"W27","W",48,"5",0,27
"W28","W",24,"5",1,28
"W28","W",48,"5",0,28
"W28","W",48,"5",0,28
"W28","W",48,"5",0,28
"W28","W",48,"5",0,28
"W28","W",48,"5",0,28
"W28","W",48,"5",0,28
"W28","W",48,"5",0,28
"W28","W",48,"5",0,28
"W28","W",48,"5",0,28
